,Links
0,
1,https://www.pornhub.comhttps://fr.pornhub.com/view_video.php?viewkey=2006034279
2,https://www.pornhub.comhttps://es.pornhub.com/view_video.php?viewkey=2006034279
3,https://www.pornhub.comhttps://it.pornhub.com/view_video.php?viewkey=2006034279
4,https://www.pornhub.comhttps://pt.pornhub.com/view_video.php?viewkey=2006034279
5,https://www.pornhub.comhttps://pl.pornhub.com/view_video.php?viewkey=2006034279
6,https://www.pornhub.comhttps://rt.pornhub.com/view_video.php?viewkey=2006034279
7,https://www.pornhub.comhttps://jp.pornhub.com/view_video.php?viewkey=2006034279
8,https://www.pornhub.comhttps://nl.pornhub.com/view_video.php?viewkey=2006034279
9,https://www.pornhub.comhttps://cz.pornhub.com/view_video.php?viewkey=2006034279
10,https://www.pornhub.com/view_video.php?viewkey=ph5af5feb32e74a
11,https://www.pornhub.com/view_video.php?viewkey=ph5af5feb32e74a
12,https://www.pornhub.com/view_video.php?viewkey=ph580887e485ee3
13,https://www.pornhub.com/view_video.php?viewkey=ph580887e485ee3
14,https://www.pornhub.com/view_video.php?viewkey=ph5adf4da0e4c25
15,https://www.pornhub.com/view_video.php?viewkey=ph5adf4da0e4c25
16,https://www.pornhub.com/view_video.php?viewkey=ph59c4119f43980
17,https://www.pornhub.com/view_video.php?viewkey=ph59c4119f43980
18,https://www.pornhub.com/view_video.php?viewkey=ph569a346348a49&pkey=24242341
19,https://www.pornhub.com/view_video.php?viewkey=ph5ad6e49b9fb61&pkey=75106452
20,https://www.pornhub.com/view_video.php?viewkey=1641346385
21,https://www.pornhub.com/view_video.php?viewkey=1641346385
22,https://www.pornhub.com/view_video.php?viewkey=1755949042
23,https://www.pornhub.com/view_video.php?viewkey=1755949042
24,https://www.pornhub.com/view_video.php?viewkey=ph55ddb463aab3d
25,https://www.pornhub.com/view_video.php?viewkey=ph55ddb463aab3d
26,https://www.pornhub.com/view_video.php?viewkey=2140882460
27,https://www.pornhub.com/view_video.php?viewkey=2140882460
28,https://www.pornhub.com/view_video.php?viewkey=ph5981c723258f6
29,https://www.pornhub.com/view_video.php?viewkey=ph5981c723258f6
30,https://www.pornhub.com/view_video.php?viewkey=978090839
31,https://www.pornhub.com/view_video.php?viewkey=978090839
32,https://www.pornhub.com/view_video.php?viewkey=ph573b676ac1581
33,https://www.pornhub.com/view_video.php?viewkey=ph573b676ac1581
34,https://www.pornhub.com/view_video.php?viewkey=475416374
35,https://www.pornhub.com/view_video.php?viewkey=475416374
36,https://www.pornhub.com/view_video.php?viewkey=834563744
37,https://www.pornhub.com/view_video.php?viewkey=834563744
38,https://www.pornhub.com/view_video.php?viewkey=ph57575061a235c
39,https://www.pornhub.com/view_video.php?viewkey=ph57575061a235c
40,https://www.pornhub.com//twitter.com/share?text=Kim Kardashian Sex Tape with Ray J&url=https://www.pornhub.com/view_video.php?viewkey=2006034279
41,https://www.pornhub.com//www.reddit.com/submit?url=https://www.pornhub.com/view_video.php?viewkey=2006034279&title=Kim Kardashian Sex Tape with Ray J
42,https://www.pornhub.com//www.tumblr.com/share/link?v=3&u=https://www.pornhub.com/view_video.php?viewkey=2006034279&t=Kim Kardashian Sex Tape with Ray J
43,https://www.pornhub.comhttps://plus.google.com/share?url=https://www.pornhub.com/view_video.php?viewkey=2006034279
44,https://www.pornhub.com//www.stumbleupon.com/submit?url=https://www.pornhub.com/view_video.php?viewkey=2006034279&title=Kim Kardashian Sex Tape with Ray J
45,https://www.pornhub.com//blogger.com/blog-this.g?n=Kim Kardashian Sex Tape with Ray J&u=https://www.pornhub.com/view_video.php?viewkey=2006034279
46,https://www.pornhub.com/view_video.php?viewkey=732384174
47,https://www.pornhub.com/view_video.php?viewkey=732384174
48,https://www.pornhub.com/view_video.php?viewkey=170576525
49,https://www.pornhub.com/view_video.php?viewkey=170576525
50,https://www.pornhub.com/view_video.php?viewkey=1443574790
51,https://www.pornhub.com/view_video.php?viewkey=1443574790
52,https://www.pornhub.com/view_video.php?viewkey=1604625352
53,https://www.pornhub.com/view_video.php?viewkey=1604625352
54,https://www.pornhub.com/view_video.php?viewkey=109562043
55,https://www.pornhub.com/view_video.php?viewkey=109562043
56,https://www.pornhub.com/view_video.php?viewkey=679861195
57,https://www.pornhub.com/view_video.php?viewkey=679861195
58,https://www.pornhub.com/view_video.php?viewkey=1884819445
59,https://www.pornhub.com/view_video.php?viewkey=1884819445
60,https://www.pornhub.com/view_video.php?viewkey=1205296917
61,https://www.pornhub.com/view_video.php?viewkey=1205296917
62,https://www.pornhub.comhttps://www.pornhub.com/view_video.php?viewkey=25263592
63,https://www.pornhub.comhttps://www.pornhub.com/view_video.php?viewkey=1571174165
64,https://www.pornhub.comhttps://www.pornhub.com/view_video.php?viewkey=706026050
65,https://www.pornhub.comhttps://www.pornhub.com/view_video.php?viewkey=ph5aaade18e6e4a
66,https://www.pornhub.comhttps://www.pornhub.com/view_video.php?viewkey=ph58e5a51d30f4f
67,https://www.pornhub.comhttps://www.pornhub.com/view_video.php?viewkey=1244706316
68,https://www.pornhub.comhttps://www.pornhub.com/view_video.php?viewkey=ph56d0004d345f5
69,https://www.pornhub.comhttps://www.pornhub.com/view_video.php?viewkey=ph5aeedb263c5e4
70,https://www.pornhub.comhttps://fr.pornhub.com/view_video.php?viewkey=ph5ac6ada51e6ae
71,https://www.pornhub.comhttps://www.pornhub.com/view_video.php?viewkey=ph5acf8d2ec876c
72,https://www.pornhub.comhttps://www.pornhub.com/view_video.php?viewkey=ph5aaa3ad490000
73,https://www.pornhub.comhttps://www.pornhub.com/view_video.php?viewkey=ph5aaa3ad490000
74,https://www.pornhub.comhttps://www.pornhub.com/view_video.php?viewkey=ph5aa9ab67263f7
75,https://www.pornhub.comhttps://www.pornhub.com/view_video.php?viewkey=ph5a90b7cda9b88
76,https://www.pornhub.comhttps://www.pornhub.com/view_video.php?viewkey=ph5a70c4b9f1784
77,https://www.pornhub.comhttps://www.pornhub.com/view_video.php?viewkey=ph5a69bd9230e2d
78,https://www.pornhub.comhttps://www.pornhub.com/view_video.php?viewkey=ph5a6b5a76ec0aa
79,https://www.pornhub.comhttps://www.pornhub.com/view_video.php?viewkey=ph5a4d445c24411
80,https://www.pornhub.comhttps://fr.pornhub.com/view_video.php?viewkey=ph5a2129cac654b
81,https://www.pornhub.comhttps://www.pornhub.com/view_video.php?viewkey=ph5a35cdc444b35
82,https://www.pornhub.comhttps://www.pornhub.com/view_video.php?viewkey=ph5a35cdc444b35
83,https://www.pornhub.comhttps://fr.pornhub.com/view_video.php?viewkey=ph5a353b8e19ea0
84,https://www.pornhub.comhttps://www.pornhub.com/view_video.php?viewkey=ph5a2e8c8c8850a
85,https://www.pornhub.comhttps://www.pornhub.com/view_video.php?viewkey=ph5a22490ebaba9
86,https://www.pornhub.comhttps://www.pornhub.com/view_video.php?viewkey=ph59b0e0404e681&showDuration=1#comments
87,https://www.pornhub.comhttps://www.pornhub.com/view_video.php?viewkey=ph5a1b482cc1edc
88,https://www.pornhub.comhttps://www.pornhub.com/view_video.php?viewkey=ph59ab60ee263d5
89,https://www.pornhub.comhttps://es.pornhub.com/view_video.php?viewkey=ph596120ea9b49e
90,https://www.pornhub.comhttps://www.pornhub.com/view_video.php?viewkey=ph59416ec4c3b31
91,https://www.pornhub.comhttps://www.pornhub.com/view_video.php?viewkey=ph591f961eeb4b4
92,https://www.pornhub.comhttps://www.pornhub.com/view_video.php?viewkey=ph591f961eeb4b4
93,https://www.pornhub.comhttps://www.pornhub.com/view_video.php?viewkey=ph58b2efa253f43
94,https://www.pornhub.comhttps://www.pornhub.com/view_video.php?viewkey=ph58486b10c8ab5
95,https://www.pornhub.comhttps://www.pornhub.com/view_video.php?viewkey=ph5839a9193b644cum
96,https://www.pornhub.comhttps://www.pornhub.com/view_video.php?viewkey=ph58274efd0dea8
97,https://www.pornhub.comhttps://www.pornhub.com/view_video.php?viewkey=ph57c82469948ce
98,https://www.pornhub.comhttp://www.pornhub.com/view_video.php?viewkey=ph57a4a2a60ffa9
99,https://www.pornhub.comhttps://www.pornhub.com/view_video.php?viewkey=ph577f2a708d503
100,https://www.pornhub.comhttps://www.pornhub.com/view_video.php?viewkey=ph56d0004d345f5
101,https://www.pornhub.comhttps://www.pornhub.com/view_video.php?viewkey=ph5680831664676&utm_source=androidSource&utm_medium=androidMedium&utm_campaign=androidCampaign&utm_target=androidTarget
102,https://www.pornhub.comhttps://www.pornhub.com/view_video.php?viewkey=ph5680831664676&utm_source=androidSource&utm_medium=androidMedium&utm_campaign=androidCampaign&utm_target=androidTarget
103,https://www.pornhub.comhttps://www.pornhub.com/view_video.php?viewkey=801907896
104,https://www.pornhub.comhttps://www.pornhub.com/view_video.php?viewkey=ph5678ecca934f1
105,https://www.pornhub.comhttps://www.pornhub.com/view_video.php?viewkey=801907896
106,https://www.pornhub.comhttps://www.pornhub.com/view_video.php?viewkey=508233135Share
107,https://www.pornhub.comhttps://www.pornhub.com/view_video.php?viewkey=918515222
108,https://www.pornhub.com/view_video.php?viewkey=1020698790&pkey=1519011
109,https://www.pornhub.com/view_video.php?viewkey=ph58c466aa61bc5&pkey=70021962
110,https://www.pornhub.com/view_video.php?viewkey=1173416187&pkey=2297721
111,https://www.pornhub.com/view_video.php?viewkey=189007312&pkey=2113491
112,https://www.pornhub.comhttps://de.pornhub.com/view_video.php?viewkey=2006034279
113,https://www.pornhub.comhttps://fr.pornhub.com/view_video.php?viewkey=2006034279
114,https://www.pornhub.comhttps://es.pornhub.com/view_video.php?viewkey=2006034279
115,https://www.pornhub.comhttps://it.pornhub.com/view_video.php?viewkey=2006034279
116,https://www.pornhub.comhttps://pt.pornhub.com/view_video.php?viewkey=2006034279
117,https://www.pornhub.comhttps://pl.pornhub.com/view_video.php?viewkey=2006034279
118,https://www.pornhub.comhttps://rt.pornhub.com/view_video.php?viewkey=2006034279
119,https://www.pornhub.comhttps://jp.pornhub.com/view_video.php?viewkey=2006034279
120,https://www.pornhub.comhttps://nl.pornhub.com/view_video.php?viewkey=2006034279
121,https://www.pornhub.comhttps://cz.pornhub.com/view_video.php?viewkey=2006034279
